Sample_Status,CSID,LSDB_Specimen_ID,LSDB_Sequence_ID,State_Lab_ID,Case_ID,Collection_date,Submitter_State,Reported_Travel_History,Malaria_Species,HRP2/3 Deletions,GeoPrediction,GeneticClusterNumber,Final_COI,State_name,ReportStatusDate,N51I,C59R,S108N,I431V,S436H,A437G,K540E,A581G,A613T,A613S,P441L,F446I,G449A,N458Y,C469Y,M476I,A481V,7493H,N537I,G538V,R439T,Y493H,I543T,P553L,R561H,V568G,P574L,A578S,C580Y,D584V,R622I,A675V,C72S,V73K,M74I,N75E,K76T,A220S,Q271E,N326S,C530R,I356T,R37I,I258M,Y268S,Y268C,N86Y,Y184F,S1034C,N1042D,D1246Y
Final_Report,212959573,DM25_CA0003,DM25_CA0003_Pf1,Camal003,caseCA553,4/1/2025,CA,Uganda,Plasmodium falciparum,Not tested,AF_R,,Multiclonal,California,4/12/2025,I,R,N,I,S,A,K,A,A,A,P,F,G,N,C,M,V,7,N,G,R,Y,I,P,R,V,P,S,C,D,R,A,S,V,I,N,K,A,Q,N,C,I,I,I,Y,Y,Y,F,S,N,D
Final_Report,846984536,DM25_CA0004,DM25_CA0004_Pf1,Camal004,caseCA554,4/1/2025,CA,Uganda,Plasmodium falciparum,No Deletion,AF_R,,Monoclonal,California,4/12/2025,I,R,N,I,S,G,K,A,A,A,P,F,G,N,C,M,V,7,N,G,R,Y,I,L,R,V,P,A,C,D,R,A,S,V,I,N,K,A,Q,N,C,I,R,I,Y,Y,N,F,C,N,Y
Final_Report,655520716,DM25_CA0005,DM25_CA0005_Pf1,Camal005,caseCA555,4/1/2025,CA,Nigeria,Plasmodium falciparum,No Deletion,AF_R,,Monoclonal,California,4/12/2025,I,R,N,I,S,A,K,A,A,A,P,F,G,N,C,M,V,7,N,G,R,Y,I,P,R,V,P,A,C,D,R,A,S,V,I,N,K,A,Q,N,R,I,I,I,Y,Y,Y,F,S,N,D
Final_Report,716943892,DM25_NY0001,DM25_NY0001_Pf1,Nymal001,Nycase0324,3/2/2025,NY,Nigeria,Plasmodium falciparum,No Deletion,AF_W,,Monoclonal,New York,4/12/2025,I,R,N,I,S,A,E,A,A,A,P,F,G,Y,C,M,V,7,N,G,R,Y,I,P,R,V,P,S,C,D,R,A,S,V,I,N,K,A,Q,S,C,I,R,I,Y,Y,N,Y,S,N,D
Final_Report,722465765,DM25_NY0004,DM25_NY0004_Pf1,Nymal004,Nycase0327,3/29/2025,NY,Burkina Faso,Plasmodium falciparum,No Deletion,AF_W,,Monoclonal,New York,4/12/2025,I,R,N,I,S,G,K,A,A,A,P,F,G,N,C,M,V,7,N,G,R,Y,I,P,R,V,P,A,C,D,R,A,S,V,I,N,K,A,Q,S,R,I,I,I,Y,Y,Y,Y,C,N,Y
Final_Report,409788457,DM25_TX0001,DM25_TX0001_Pf1,Txmal001,Txcasemalaria001,3/9/2025,TX,Ghana,Plasmodium falciparum,No Deletion,AF_W,,Monoclonal,Texas,4/12/2025,I,R,N,I,S,A,K,A,A,A,P,F,G,N,C,M,V,7,N,G,R,Y,I,P,R,V,P,A,C,D,R,A,S,V,I,N,K,A,Q,S,R,I,I,I,Y,Y,N,Y,C,N,D
Final_Report,567341841,DM25_TX0002,DM25_TX0002_Pf1,Txmal002,Txcasemalaria002,3/9/2025,TX,,Plasmodium falciparum,Not tested,AF_R,,Multiclonal,Texas,4/12/2025,I,R,N,I,S,A,K,A,A,A,P,F,G,N,C,M,V,7,N,G,R,Y,I,L,R,V,P,S,C,D,R,A,S,V,I,N,K,A,Q,N,C,I,R,I,Y,Y,N,Y,S,N,Y
Final_Report,145500629,DM25_TX0005,DM25_TX0005_Pf1,Txmal005,Txcasemalaria005,4/9/2025,TX,Kenya,Plasmodium falciparum,No Deletion,AF_W,,Monoclonal,Texas,4/12/2025,I,R,N,I,S,A,K,A,A,A,P,F,G,Y,C,M,A,7,N,G,R,Y,I,P,R,V,P,A,C,D,R,A,S,V,I,N,K,A,Q,N,C,I,R,I,Y,Y,N,Y,S,N,D
Final_Report,348907300,DM25_TX0006,DM25_TX0006_Pf1,Txmal006,Txcasemalaria006,4/9/2025,TX,Tanzania,Plasmodium falciparum,Not tested,AF_R,,Multiclonal,Texas,4/12/2025,I,R,N,I,S,A,K,A,A,A,P,F,G,Y,C,M,A,7,N,G,R,Y,I,P,R,V,P,A,C,D,R,A,S,V,I,N,K,A,Q,N,C,I,R,I,Y,Y,N,Y,S,N,D
PCR_complete,442851847,DM25_TX0009,,Txmal009,Txcasemalaria009,4/12/2025,TX,,Plasmodium malariae,,,,,Texas,4/12/2025,,,,,,,,,,,,,,,,,,,,,,,,,,,,,,,,,,,,,,,,,,,,,,,,,,,
PCR_complete,901972007,DM25_FL0003,,Flmal003,Casfl236,2/18/2025,FL,,Plasmodium ovale,,,,,Florida,4/12/2025,,,,,,,,,,,,,,,,,,,,,,,,,,,,,,,,,,,,,,,,,,,,,,,,,,,
Final_Report,761842866,DM25_CA0001,DM25_CA0001_Pv1,Camal001,caseCA551,2/3/2025,CA,,Plasmodium vivax,,ESEA,4,,California,4/12/2025,,,,,,,,,,,,,,,,,,,,,,,,,,,,,,,,,,,,,,,,,,,,,,,,,,,
Reviewing_Report,891667140,DM25_FL0001,DM25_FL0001_Pv1,Flmal001,Casfl234,2/9/2025,FL,Colombia,Plasmodium vivax,,LAM,8,,Florida,4/12/2025,,,,,,,,,,,,,,,,,,,,,,,,,,,,,,,,,,,,,,,,,,,,,,,,,,,
Final_Report,818938796,DM25_NY0002,DM25_NY0002_Pv1,Nymal002,Nycase0325,3/2/2025,NY,Brazil,Plasmodium vivax,,LAM,3,,New York,4/12/2025,,,,,,,,,,,,,,,,,,,,,,,,,,,,,,,,,,,,,,,,,,,,,,,,,,,
Final_Report,914460615,DM25_NY0003,DM25_NY0003_Pv1,Nymal003,Nycase0326,3/18/2025,NY,Venezuela,Plasmodium vivax,,LAM,4,,New York,4/12/2025,,,,,,,,,,,,,,,,,,,,,,,,,,,,,,,,,,,,,,,,,,,,,,,,,,,
Final_Report,288334921,DM25_TX0003,DM25_TX0003_Pv1,Txmal003,Txcasemalaria003,3/9/2025,TX,,Plasmodium vivax,,AF,6,,Texas,4/12/2025,,,,,,,,,,,,,,,,,,,,,,,,,,,,,,,,,,,,,,,,,,,,,,,,,,,
Final_Report,575493441,DM25_TX0004,DM25_TX0004_Pv1,Txmal004,Txcasemalaria004,3/9/2025,TX,Cambodia,Plasmodium vivax,,ESEA,12,,Texas,4/12/2025,,,,,,,,,,,,,,,,,,,,,,,,,,,,,,,,,,,,,,,,,,,,,,,,,,,
Final_Report,846125994,DM25_TX0007,DM25_TX0007_Pv1,Txmal007,Txcasemalaria007,4/9/2025,TX,Ethiopia,Plasmodium vivax,,AF,6,,Texas,4/12/2025,,,,,,,,,,,,,,,,,,,,,,,,,,,,,,,,,,,,,,,,,,,,,,,,,,,
Final_Report,399277887,DM25_TX0008,DM25_TX0008_Pv1,Txmal008,Txcasemalaria008,4/9/2025,TX,Ethiopia,Plasmodium vivax,,AF,6,,Texas,4/12/2025,,,,,,,,,,,,,,,,,,,,,,,,,,,,,,,,,,,,,,,,,,,,,,,,,,,
PCR_complete,906310058,DM25_FL0002,,Flmal002,Casfl235,2/18/2025,FL,Peru,Plasmodium vivax,,LAM,,,Florida,4/12/2025,,,,,,,,,,,,,,,,,,,,,,,,,,,,,,,,,,,,,,,,,,,,,,,,,,,
Sample_Received,720307015,DM25_CA0002,,Camal002,caseCA552,2/8/2025,CA,Brazil,,,,,,California,3/9/2025,,,,,,,,,,,,,,,,,,,,,,,,,,,,,,,,,,,,,,,,,,,,,,,,,,,